id	category	unit	name	bucket	shelf_life_days	note
a77ea2149b814f308be00d6e5d435971	apparel	g	Free Assembly Men's Striped Linen Blend Button Front Shirt with Long Sleeves, Sizes XS-3XL	nonfood		
d58604ee8a6f4ec59479fb93461bc601	apparel	g	Free Assembly Women's Sweat Shorts with Side Slits, 2.25” Inseam, Sizes XS-XXL	nonfood		
be05b325b8a14715b4f4b2618e7a92e8	apparel	each	Fruit of the Loom Wireless Bra 2 Pack, Style FT942, Sizes S to XXXL	nonfood		
a91b57a797e94178bc928d85a7f9ae3e	apparel	each	Hanes Originals Women's Thong Underwear, Breathable Cotton Stretch, 6-Pack	nonfood		
d0b08376ac044fe58bb30f3ed4a7d2c7	apparel	g	Hyper Tough Mini Removable Self-Adhesive Hooks, Square Plastic Hooks for Hanging Towels and Jackets, with 18 Adhesive Strips, 0.5 lbs Capacity, Clear, 18 Pc	nonfood		
ec8bfa2c2e0244fab57e306bd08e604a	apparel	g	Kacey Lee Women's and Women's Plus Tie Neck Scoop Back One Piece Swimsuit, Sizes XS-3X	nonfood		
b0e84340930e4b6283e181ddbc3069e1	apparel	each	Nabtos Women's Plus Black Cotton High-Waist Tight Band Boyshort Briefs Underwear Pack Of 4 Anti Chafing Female Boxers Panties Slip Short -XL	nonfood		
42d45b1aabca4b479d148b53dce0c3f2	apparel	each	Parent's Choice Infant & Toddler Velvet Hangers, 10 Count	nonfood		
3fd02b77de6c42debe08ee80e547b0b9	apparel	g	Star Wars Men's Ewok Protect Our Forests Graphic Tee,	nonfood		
d7c44c0e02ed41c8b083c66ab5fcaa76	apparel	g	Time and Tru Women's Double Buckle EVA Slide Sandals	nonfood		
cd38492c01b140959d958c94475a613b	apparel	each	U.S. Polo Assn. Boys Crew Socks, 10-Pack, Sizes S-L	nonfood		
78b453c36f684aa8b44ee28f5116e055	apparel	g	Way to Celebrate Toddler Boy Patriotic Americana Americana Shirt and Short Set, Sizes 12M-5T	nonfood		
9f65723b704c482ca5bbb9ae69399d8e	baby	each	Pampers Swaddlers Fragrance Free Baby Diapers Size 5, 132 Count (Select for More Options)	nonfood		
7dd7a8b4f46642099c27aad49d6dd7f8	baby	each	Pampers Swaddlers Fragrance Free Baby Diapers, Size 5, 19 Count (Select for More Options)	nonfood		
1b456a85d47345718aa74225a163400a	baby	each	Pampers Swaddlers Overnight Zzz Baby Diapers Size 6, 42 Count (Select for More Options)	nonfood		
6c48b410abbb46a0af51baa84f566acd	baby	each	Pampers Swaddlers Overnight Zzz Baby Diapers Size 6, 70 Count (Select for More Options)	nonfood		
db75b30dbfb3400c91bece85a7b1a824	baby	each	Parent's Choice Dry & Gentle Diapers Size 4, 246 Count (Select for More Options)	nonfood		
a0ebe5f5a8e0471db585fe99c86241bf	baby	each	Parent's Choice Dry & Gentle Diapers Size 6, 132 Count (Select for More Options)	nonfood		
92146e3fa2ad4158b0ff45ee740a5de9	bakery	g	All-purpose flour	staple		
4ad4306e012c4050b2e3c7073ffea5ec	bakery	g	bagels	bread	5	
ce67ec28713849ccb49de6450ce9ee7e	bakery	g	Baguette	bread	5	
449b5de9dde84d6ca6a61016e9cfb754	bakery	each	bread	bread	5	
8f8447479be942f3ad9f67a3d25246e3	bakery	g	Breadcrumbs	staple		
64cbe0ab58f045baa113020ce003c43a	bakery	g	bread flour	staple		
e6c48d313dcc40d2bab5e9a024b10844	bakery	g	brioche buns	bread	5	
17ca86ccf6c94cea8845c3b5f39f5670	bakery	each	Brioche Hamburger Buns	bread	5	
cc66aac44fc24019b9b195bbdedb5d3c	bakery	g	Burger buns	bread	5	
9830e3cc8d1841089c69f8029c6f369d	bakery	g	Crackers	staple		
a696777a9de445c6a884b5fb9e2fcf97	bakery	g	crusty rolls	bread	5	
47c85f5424674e42b5012b1a7ef0c914	bakery	g	dried breadcrumbs	staple		
136a7c6ea0284604a3b1f5e33a66d6aa	bakery	g	dried bread cubes	staple		
c26857c9eb294fe49474de1032b33430	bakery	g	English muffins	bread	5	
d3ab0a817e5f42e58d1cbf690cea9a98	bakery	each	Everything Bagels	bread	5	
011aa3cf374849e1a958bc2452d389dc	bakery	g	flatbreads	bread	5	
ce612d3f4081463b99d9d973018622cf	bakery	g	flour	staple		
3d985aedfd7446bf85045aef3013fe92	bakery	each	flour tortillas	tortilla	14	
bd62c2bcce17466c96ce6db60a02f89b	bakery	g	focaccia	bread	5	
c2b6f0cf1a2f49a4b653e51442b4c9fc	bakery	each	Focaccia Bread	bread	5	
94e987ee0ec147cda7bd438dff683c44	bakery	g	Frozen Pie Crust	frozen	90	
89fcab020a6e481894594937cc4429f6	bakery	g	Hamburger buns	bread	5	
98e053065c7e4c498ca610eea4d07b5e	bakery	g	hoagie rolls	bread	5	
35a10e72bb8e43dd977e83d8db5a209d	bakery	g	hot dog buns	bread	5	
9ccc81d38ae14393b881335689a1e994	bakery	g	Italian-seasoned breadcrumbs	staple		
5a5b8c6fd20149729ed4eca9f7a473f2	bakery	g	panko breadcrumbs	staple		
35d3d821130f414f8cd05e66dff92a08	bakery	g	plain flour	staple		
fdf0806a7dd54f66a9721def9057e531	bakery	g	ready-rolled puff pastry	frozen	90	
09fc1da717124a00bd52acd71deebf90	bakery	g	Rye bread	bread	5	
6afce40e632f42f49294447927e7ef32	bakery	g	Sandwich bread	bread	5	
bcd43c9268be4e2eae94d9a476d8d057	bakery	g	Seed Crackers	staple		
06de14313d614521a0c7da64cf5c9a9f	bakery	g	Slider rolls	bread	5	
dd666586f39742a09a463f0d1434f57e	bakery	each	soft sandwich bread	bread	5	
8c29db4776124c48b5cb5a618e04c406	bakery	g	Sourdough	bread	5	
5b1250fc06544e9a96b50fcfe724018b	bakery	each	sourdough bread	bread	5	
8c1c2224f31242519f3b4c6a9c30e73b	bakery	g	Sub rolls	bread	5	
9f9933078f524670a61f9395bb0715ca	bakery	g	tortilla chips	staple		
fd4b15f1476442d69e9ae6e662452794	bakery	each	White Bread	bread	5	
12702fa5d5a2418a8ca872e8ace601b0	bakery	each	whole-grain bread	bread	5	
2c0be76e7f8e458b9e543e1a307aa465	bakery	each	Whole Grain Bread	bread	5	
6002225770bd41bf95efe6f819496936	bakery	each	Whole Wheat Bread	bread	5	
56de9a3d755445a5bf17b5ed45596b3e	beverage	ml	cola	staple		
d566aaaadc0b43c2a3b48f93b653556f	beverage	ml	Dr Pepper	staple		
47c8e9eccf0e439dba701a0d750e1f71	beverage	ml	Grape Juice	staple		
c146bd30602846c8878762bd6240f9bf	beverage	ml	Orange juice	softdairy	14	refrigerated juice
d7bb52d0ace54dcabdfc83639c1e6267	beverage	ml	Pero Beverage	staple		
32928001116549828ff555df0f8dd5a9	beverage	ml	Red wine	staple		
be0a2b87125e4d46887ed4dc0f7585f3	beverage	ml	Sangria	staple		
3f2d3712caf74c1dbbf18c98c6b5e008	beverage	each	Strawberry Lemonade	staple		FLAG: refrigerated? left staple
0522b90b216542848e6c2cf8d6d0e8aa	beverage	ml	warm water	staple		
b7f5b6bcf76f48faaf05b8281ee1fd7c	beverage	ml	Water	staple		
0af909f17f2a415eac1400bf8def178a	candy_snack	g	Butterscotch Pudding Cups	staple		
49fb8a31e62047708957e8495d6572d3	candy_snack	g	Chocolate Pudding Cups	staple		
5fb9fc10a6304200ba1310e57b07e3e7	candy_snack	g	Dark Chocolate Almonds	staple		
7989094f9a5e44cb80f058f8ed56cde3	candy_snack	g	Dark Chocolate & Peanut Butter Candy	staple		
7fc0fc0040374c27b678de5c26e6eacd	candy_snack	g	Froot Loops	staple		
a30f58d338b0483e92460406cfff3052	candy_snack	g	Graham Crackers	staple		
761304264c2842c7a56c4aff64acc600	candy_snack	g	Hershey's Milk Chocolate Bar	staple		
7e29b8e965a4403e88de0f81f99f1d95	candy_snack	g	Hi-Chew Candy	staple		
94a3acc3f78e47f0a7321850b88a1bac	candy_snack	g	Jelly Beans	staple		
280621dfd63e4e90b2fee9cb277fd842	candy_snack	g	Life Savers Gummies	staple		
acfbfdcbece44e3c9a61740120f62ec4	candy_snack	g	Marshmallows	staple		
0b2c925b086a4c378f4ea7507cfc0997	candy_snack	g	Mounds Candy	staple		
0fedb1a011da4f74a37c4555478f591e	candy_snack	g	Nerds Gummy Clusters	staple		
30e53a2a044b4f86a7dee7284ceb22fa	candy_snack	g	Oreo Chocolate Bunny	staple		
37d69c6e62a447d5952ea11caeb8bbc3	candy_snack	g	Peach Gummies	staple		
82cd8a1af954437f9383dacbabccbe75	candy_snack	g	Rice Squares Cereal	staple		
ca5feb494a6e42aca4f8680bf8bb45cd	candy_snack	g	Rolo Candy	staple		
93f2deb68f9b4034a1c79cac25d5bd17	candy_snack	g	Sour Skittles	staple		
bf2bc7c2be164636b44028f0e9f98da3	candy_snack	g	Toffee Candy	staple		
0adb107335cf4ee6a65f4d554fb4158c	dairy	g	blue cheese	hardcheese	30	
7c1d94a9a7b547289f3f0fe30db9a2ea	dairy	g	Butter	hardcheese	30	
7f97102bcc144293a6b910b7956f7424	dairy	ml	buttermilk	softdairy	14	
c167af5b1b7b4a3ab48aeccbe5af69a1	dairy	g	cheddar	hardcheese	30	
5f5c389067244a508a5e4375216f2ca7	dairy	g	Cheddar cheese	hardcheese	30	
f6b6d59645794ffaa82c9d633c77e881	dairy	g	Cheddar Jack Cheese	hardcheese	30	
b9fbe67c500840388c70627745764103	dairy	g	cheese	hardcheese	30	
f93910534878495bb3372e2477ba71b2	dairy	ml	coconut milk	staple		
4c437df3a62a4cd6b93d2e82ae0ec313	dairy	g	cold butter	hardcheese	30	
8aa1fc0290d04b2daaa079afea0adf7a	dairy	ml	cold buttermilk	softdairy	14	
01ba1cf355174b4f8d6c36483e963866	dairy	g	cotija	hardcheese	30	
091925a0b9714b71996a9d7cb87b0a56	dairy	g	Cottage Cheese	softdairy	14	
16310e9cd1ed47f8b9d04121b20f7b28	dairy	g	Cream cheese	softdairy	14	
fba168fd8c9141829813792aef91048c	dairy	ml	double cream	softdairy	14	
3fa37ef19d1c4f979a2046b2259dbfc5	dairy	g	egg noodles	staple		
980f64a3715340a794b46c337522e136	dairy	g	Eggs	eggs	21	
54b1bf3334054b0d8893c014a9216369	dairy	g	egg whites	eggs	21	
13bd0134234248d6bbf4936c339a601c	dairy	g	egg yolks	eggs	21	
8bbbf6a25bca4bf5ba65a7f2987a819c	dairy	g	fresh egg noodles	softdairy	14	fresh pasta
41cbf12050974c34861f33fdc1961354	dairy	g	fresh mozzarella	softdairy	14	
81af948a036a4a08bd10d3cb28e3925c	dairy	g	Grated parmesan	hardcheese	30	
6d36b7ddf50845379c585614c79e3aaf	dairy	g	Greek yogurt	softdairy	14	
af55470fed4b4af4ba1138f331c1fc4b	dairy	ml	heavy cream	softdairy	14	
2706cdbca7144ca68cc98e9476a7444b	dairy	g	Ice Cream	frozen	90	
4cb1bb32bc134ec48299144666d8b4ae	dairy	g	low-moisture mozzarella	hardcheese	30	
602dc450ec9a454f95398e063f5a0d61	dairy	g	Mainstays Gold Butterfly Decorative Wall Hook	nonfood		
81b483a5c35b469cbf3e33ad00adda73	dairy	g	mature cheddar	hardcheese	30	
cb9af7d1e4e14d93b9c4a5bf77776e6f	dairy	ml	Milk	softdairy	14	
9f421ec2a327439b85d5202868dff78d	dairy	g	Monterey Jack	hardcheese	30	
23b7887badd149d1962f209e63c52f52	dairy	g	Monterey Jack cheese	hardcheese	30	
08ddbbcab2ce493b86fc282c9382659e	dairy	g	mozzarella	hardcheese	30	
0ab7af50d94748208cd87106e75fd909	dairy	each	Omega-3 Eggs	eggs	21	
5c4894b5178643319672eb6ccdfca41c	dairy	each	Organic Free Range Eggs	eggs	21	
1d2b934da5784fe2afb1061fc82e066d	dairy	g	Parmesan	hardcheese	30	
2589b6c10a7f4866baba89c4a9a00d8e	dairy	g	peanut butter	staple		
06ab9443440045dc902c21081e001811	dairy	g	plain Greek yogurt	softdairy	14	
1b07185f5c5d4976bb0be67df3a2f08d	dairy	g	provolone	hardcheese	30	
1e219c4f29f9427f8c059b04b8b85e28	dairy	g	ricotta	softdairy	14	
01c30c43b377452e9afd86824ea4938e	dairy	g	Ricotta Cheese	softdairy	14	
f7274af39c5c43458d7b08a9a46fd2f2	dairy	g	sharp cheddar	hardcheese	30	
56819f0a3f054fb082eda35dae78cc83	dairy	g	shredded cheddar cheese	hardcheese	30	
d322034d20d847568b7c7069fe107ebc	dairy	g	Shredded Italian Cheese Blend	hardcheese	30	
990dc471066c45b4a0e39e710851998e	dairy	g	Shredded Mexican Cheese Blend	hardcheese	30	
e7b811df0e7841eba8a30017201b8ee9	dairy	g	sliced cheddar	hardcheese	30	
41b24c481e72421186d38b8e8bac1119	dairy	g	sliced cheddar cheese	hardcheese	30	
157a0685a4cd49c79f6249bcea3e299c	dairy	g	sliced cheese	hardcheese	30	
5d682737cfdf48e78273568165f6237e	dairy	g	Sliced mozzarella	hardcheese	30	
b8fee039d1894a8ca89567bcae0772d9	dairy	g	Sour cream	softdairy	14	
b17abde4d35f40fea8d5540eb903ca32	dairy	g	Strawberry Cream Cheese	softdairy	14	
2a8df0c398e344b7bc13f8453dd013e6	dairy	g	String Cheese	hardcheese	30	
8434bfffbb964bbd91411d9da8a2aa6c	dairy	ml	Sweetened Condensed Milk	staple		
97768cc0ec0648d2ad421e2dd143fccd	dairy	g	Swiss	hardcheese	30	
ec847360fe8e4513a51068b787ee5b29	dairy	g	Swiss cheese	hardcheese	30	
0311a6bf883442f79d1f48a436de21a4	dairy	g	Swiss cheese slices	hardcheese	30	
b7b8bcb20eb8487e9f6277694fd23bcc	dairy	g	Vanilla Greek Yogurt	softdairy	14	
7ef3d9f790ad4badb49a01bcb434c752	dairy	g	Whipped Cream Cheese	softdairy	14	
be55b74cad894eff8cc3d774ab4d9eb8	dairy	each	Whole Milk	softdairy	14	
d94ea368807642b1ae0653ce3b86ef0c	dairy	g	X Kites Poly Butterfly Kite Orange	nonfood		
50f647187f8f4f58b31805a1ed934bfa	deli	each	Brioche Ham	fresh	5	FLAG: unclear item (prepared deli?)
114b043859f44a319d2c071bdf3cae8e	deli	each	Potato Salad	fresh	5	
5e4edb0197e448998d051ed76ffe9d98	deli	each	Sausage Roll	fresh	5	
af261af5345144dfb93a4f6c5a610638	frozen	each	Chicken/Veggie Stackers	frozen	90	
4bf798bfd2fb4671b44c39f4f9e385c4	frozen	g	Frozen Corn	frozen	90	
ae2f772eb3e746ffb05251c359e0b71b	frozen	g	frozen peas	frozen	90	
21c5d575ca1245ce83cb66bd3401fd5e	frozen	g	frozen shredded hash browns	frozen	90	
97226b45cdae4e8a8e4756bd1e3f246d	frozen	g	Frozen Strawberries	frozen	90	
d74a770f176d41cbb3f49a47ae823808	hardware	each	"Fas-n-Tite Coarse Thread Drywall Screws, #6 x 1-1/4"" Interior Screws, Phillips, 100 pack"	nonfood		
c12f2cda19c945d9ae0aa546c99ad529	hardware	g	Gold, Rust-Oleum American Accents 2X Ultra Cover Metallic Spray Paint-327909, 12 oz	nonfood		
d6f60305db504b1bb43ff303a2d18020	home	ml	1 Count, 60 FL OZ, 8.4 x 7.5 IN Clear Plastic Stackable Pitcher, by Way To Celebrate	nonfood		
f34e494b3a214c39b01727afb52d9fbb	home	each	(2 pack) Better Homes & Gardens A19 LED Vintage Light Bulb, 4 Watts (40W Equivalent), Soft White, Thin Filament, E26, 2PK	nonfood		
414368c7155b4a5a87f96f021f0aae77	home	each	(6 pack) Mainstays 12 - Ounces Glazed White Stoneware Mug	nonfood		
c37205d1d5cf4683b9876f8c6cd562e7	home	g	Better Homes & Gardens 2 Piece Culinary Kitchen Towel, Blue Linen	nonfood		
7c90f958f02f40969c390d1dd043f777	home	g	Cook with Color 4-Compartment Mini Snack Box Food Storage Carrier and Container, Charcuterie Container, Purple, Portable and Dishwasher Safe, Designed to Help with Packed Lunches and Daily Commutes	nonfood		
af998280136b4ffe985b6e48a9f0385e	home	g	Cook With Color 4-Compartment Mini Snackle Box, Charcuterie and Snack Container, Divided Serving Tray with Lids, Dishwasher Safe, Blue	nonfood		
8a6aa61ee8684718b73dda3fb5e8a2e4	home	g	Cook With Color 5-Compartment Snack Box, Texas Cowboy Boot	nonfood		
ecaab75552eb4f668e684d0d5e1d7078	home	g	COOK WITH COLOR Snack Box, 16-Compartment Lunch Box & Food Storage Container, Dark Pink	nonfood		
db78f20e2ee7491381b2c05b129edcd7	home	g	COOK WITH COLOR Snack Box, 16-Compartment Lunch Box & Food Storage Container, Green	nonfood		
323194e222b14985816250c905630940	home	g	Mainstays 10-Piece (5 Containers + 5 Lids) Single Compartment Meal Prep, BPA-Free, Leak-Resistant, Microwave and Dishwasher Safe	nonfood		
75abd7c749864ff9894acc5fa75a967b	home	g	Mainstays 42 inch Hugger Indoor Ceiling Fan with Light Kit, Black, 4 Blades, Reverse Airflow	nonfood		
2df1e2363e694eb8ac4e3ab1e4e09be6	home	g	Mainstays – 4x6 Picture Frame – White Gallery 2 Photo Linear Program Wall Photo Frame	nonfood		
d76d7ab9bb7d4bc687aac3a43d386445	home	g	"Mainstays 8"" Color-Changing Mushroom Accent LED Lamp, White Stripe"	nonfood		
503483125c6e4863ba3e3737513e9625	home	each	Mainstays Back & Side Sleeper Bed Pillow, Standard/Queen - Extra Firm Support (4 Pack)	nonfood		
abc379a8275c4520881137bc8b9499af	home	g	Mainstays Glazed White Stoneware Round Dinner Bowl, 6.1”	nonfood		
a9534613590a48e484a894b6b97127bf	home	g	"Mainstays Iris Linen Look 100% Blackout Curtain Panel Pair, Set of 2 Room Darkening Drapes for Bedroom, Soft Sea, 37""W x 84""L"	nonfood		
410b562636ab4763b01f724ae60436e2	home	g	Mainstays NexGen Full Waterproof Fitted Mattress Protector	nonfood		
19466aa4a26c41a9b21b81533d239a9a	home	g	Mainstays NexGen Waterproof Fitted Mattress Protector, Twin	nonfood		
d1b74c72fc844b10a7cfa83965ec3c49	home	g	"My Texas House Faux Hydrangea Stem, Blue, 17.75"""	nonfood		
18ce017293d447418447a22837452d2d	home	each	"Super Sliders 3-1/2"" Round Furniture Sliders – 4 Pack, Heavy-Duty Felt Pads for Hardwood & Hard Surface Floors (Beige)"	nonfood		
99f2c303e79346e1ac08e2446e941fae	household	each	BBQ Tray	nonfood		
00363864e0704b0db13aff834bf7ff49	household	each	Cooler Bag	nonfood		
149ec0118ce24e5cb16b7a94fbebe014	household	each	Eliminator Fly Swatters Set, Metal Handle 2-Pack, Extra-Long and Durable	nonfood		
d89f7a1d62d348149a017126aba69a8e	household	each	Great Value Utility Brush, White, 1 Count	nonfood		
cfcfc29a2b034fc4ac736f314b388743	household	g	Hand Soap	nonfood		
baa2e57d03634ab2ba1bfbd4e4b5ae19	household	g	Paper Plates	nonfood		
df473b673c5446ca86bf2ff461b05b6a	household	g	Trash Bags	nonfood		
1a9c1d5334bc4d5fb410f8d703fc3dad	household	ml	Zep Mold & Mildew Stain Remover, Household Cleaner, Cleans and Brightens, 1 Count, 32 Fl Oz	nonfood		
1cf51e14bab949959c6d26709b0d62a9	meat	g	Bacon	cured	90	
a896ce3a0e9e4205b845cb9711e33941	meat	g	beef	rawmeat	4	
a4d33591c5204e46a229903e56a028c4	meat	g	Beef Chili	staple		FLAG: prepared meal, storage unknown
5480666cdbe64324ad65acb38c8e63ff	meat	g	Beef chuck	rawmeat	4	
c2581777d73f4ee980ee5fbe86f6ac97	meat	g	beef hot dogs	cured	90	
04206ba9277b4b7a9ddf12693e097e7a	meat	g	Beef Lasagna	staple		FLAG: prepared meal, storage unknown
6040a1ef4c394ef49c5490600345c8e3	meat	each	Beef Patties	rawmeat	4	
4daac0bd93de4f3f8bd12b02a34f4cf4	meat	g	beef roasting joint	rawmeat	4	
c3bc0003482a4ef7a0e37d120801ae42	meat	g	Beef Sausage	rawmeat	4	
15bfd1abe47a456bbc55e3e4d012b39c	meat	g	beef sirloin	rawmeat	4	
a3f25ddab025416bbc3ee603b3ba2777	meat	ml	Beef stock	staple		
67dc6cf477af4f1caaacf159ca7aa1a2	meat	g	bone-in chicken thighs	rawmeat	4	
821b52ac3fd54a8e8572fe57792bcb4e	meat	g	bone-in pork chops	rawmeat	4	
aa46b622ee6d42b3b2ad4742230ce9d3	meat	g	bone-in turkey breast half	rawmeat	4	
ad9e7da8b50f46329e7be1331275f83f	meat	g	boneless chicken breast	rawmeat	4	
d8fa50855d4e4a42ab55818510f387de	meat	g	boneless chicken breast halves	rawmeat	4	
82aeb28dd4eb46e88c7dd5c2ce1d0786	meat	g	boneless chicken thighs	rawmeat	4	
f535ff15777c4a59833fd3b957354900	meat	g	boneless pork shoulder	rawmeat	4	
8993ff9c038b4302947e7b978680716f	meat	g	boneless skinless chicken thighs	rawmeat	4	
75da6b83a33f4beaae1e312a53c4ba35	meat	g	breakfast sausage	rawmeat	4	
6bc5ea1c383b45dd8273de1276332af0	meat	g	bulk breakfast sausage	rawmeat	4	
f64edba8bdc847a1a149a78af3437ed4	meat	each	Canadian Bacon	cured	90	
3d341f7c192d482ab90bd3f1415d4b0f	meat	g	centre-cut beef fillet	rawmeat	4	
1844a398018f485ba5e54987f7300561	meat	g	chicken	rawmeat	4	
04c225aea06349a0a30a2331f278bad8	meat	g	chicken breasts	rawmeat	4	
36a48e53c40a4123803f154335cdb2d7	meat	ml	chicken broth	staple		
26b281f5692349e4a55d9dd33721610c	meat	g	Chicken Drumsticks	rawmeat	4	
ba8c9c80425d41ccb4572e1523e3556f	meat	ml	Chicken stock	staple		
c45d0e0679174c238e302f3b24df0efc	meat	g	chicken wings	rawmeat	4	
77b4102970e341e69f46eb0dece40865	meat	g	Chipotle Chicken	staple		FLAG: prepared meal, storage unknown
030882e5e4564b35ba5dc5825627d9c5	meat	g	condensed cream of chicken soup	staple		
3d891d6a8d734aaa9a6e3348aab11de7	meat	g	cooked chicken	rawmeat	4	cooked leftover-style
c8c1285768194ee6ad274b32f425ff06	meat	g	cooked chicken breast	rawmeat	4	cooked leftover-style
70480ff671a24415950f3745602154f2	meat	g	Frozen Chicken Nuggets	frozen	90	
99d4eb56b1164e95983ace470789ebda	meat	g	Frozen Meatballs	frozen	90	
e2274d79e1ee461f90ea5f5748d91f88	meat	g	frozen popcorn chicken	frozen	90	
a6298f8681854579a277a63ce743e8b5	meat	g	Ground beef	rawmeat	4	
b1c57ac074f14cc7ac6ca6f6642d2973	meat	g	ground chicken	rawmeat	4	
7ce4224dc06945bb857d7120ee644995	meat	g	Ground Turkey	rawmeat	4	
3a94276acb144367b5e3a1a99dc25355	meat	each	ham	cured	90	
145f8fd160a84deb9c279ac1fc38c7c5	meat	g	Italian sausage	rawmeat	4	
d31f9ea6d0ef4b2bb886ebf271b7dcdc	meat	g	Meatballs	rawmeat	4	FLAG: assumed raw/fresh (Frozen Meatballs exists separately)
d82d2d731be5421180fd79f50bf70b94	meat	each	Orange Chicken	frozen	90	FLAG: assumed frozen entree
2ed8c7ac06a84bfebc83f08a04ea9df2	meat	g	Parma ham	cured	90	
5b79e9121ace4dce9f798807e2239c41	meat	each	Party Wings	frozen	90	FLAG: assumed frozen
0e0f1b91e9eb4b02917796124cdac7f8	meat	g	Pepperoni	cured	90	
3d7e89d58b314d3b8329b18272e2f26e	meat	g	Polish sausages / kielbasa links	cured	90	
bae2aefb866b4db38fedb6827d973d6f	meat	g	Pork chops	rawmeat	4	
70f318de2384488293bb2cc03f87217b	meat	g	Pork loin roast	rawmeat	4	
2d6c32106e7c4e05ab75f834a42b442d	meat	g	pork sausages	rawmeat	4	
048c546ff72d4a7b88681064692b66cc	meat	g	Pork shoulder	rawmeat	4	
d98263d238d6489385731122b7b03cda	meat	g	pork spare ribs	rawmeat	4	
2fb86dc03107482b92e7c1772ec72e81	meat	g	Pork Tenderloin	rawmeat	4	
33a0ba795b29458b8818166014046f25	meat	g	Sirloin	rawmeat	4	
0cf3bd89f49945f3b5d85001e9e86837	meat	g	Sliced corned beef	cured	90	
bfab1e11a1ff4e15a20c6fea0e233723	meat	g	Sliced deli ham	cured	90	
8dcf9206bd1c40d1ad97b2b1de1561ee	meat	g	Sliced deli turkey	cured	90	
e55f218e7aac42a3985a97a06cff1943	meat	g	sliced deli turkey breast	cured	90	
f8792f624f144274af4447e673e1d5d8	meat	g	Sliced roast turkey breast	cured	90	
6d3572cd098a4d6a8ed50c8a98911507	meat	g	smoked bacon	cured	90	
5d58b89f16144bf9a3b658bd1820fc52	meat	g	smoked sausage	cured	90	
b6cb2589b2f84aababad4d252b0a596c	meat	g	Steak	rawmeat	4	
93783d9008ee4450b66d8d456d0c7d13	meat	g	St Louis Ribs	rawmeat	4	
8ebd194c942a4633940be31aa4593cf2	meat	g	Whole Fryer Chicken	rawmeat	4	
6b78199f23f9466bb924b7e3847d08f7	office	g	"4"" x 6"" Small Format Print"	nonfood		
df0566586ff34cbc908365a4bce673f6	office	g	Marvel Spidey and His Amazing Friends Glow in the Dark Sticker Book: With More Than 100 Stickers (Paperback)	nonfood		
3067d0f7d6f04c7caed7aa62c7c516e4	office	g	Post-it Super Sticky Notes, 3 in. x 3 in., Supernova Neons, 4 Pads	nonfood		
9443fedbb05748ab975aa8c77ee28b3e	other	each	(2 pack) Better Homes & Gardens B10 Vintage Amber LED Light Bulb, 40 Watts Eqv, Dim, E12 - 4 Pk	nonfood		
b05ad5698bb749f1acbc50ca6a1cda92	other	g	(2 pack) OFF! Clean Feel Picaridin Insect Repellent Aerosol, Mosquito & Bug Spray, 5 oz	nonfood		
d6afb8c6bbc84e50847544e451b0c0b2	other	g	(3 pack) Peaches & Creme Cotton Yarn, Forest Green, 2.5 Oz. 3 Ply	nonfood		
24c2082c3ec248f5b50c0365f1263ead	other	each	BAND-AID Brand Flexible Fabric Adhesive Bandages, One Size, 30 Count	nonfood		
a7fb08d570e041babcadc25f2cb112ff	other	each	BHG LED 3.5W (40W Eqv) Soft White B10 Vintage Light Bulb, Porcelain, Bent Tip, E12, Dim, (4 Pack)	nonfood		
fb6a2737162d47c5b88885a82b681c8a	other	g	Cousin DIY Natural Jute Twine, Light Brown, 32.8 ft Roll	nonfood		
8f11a6b3501c457caf4147a3a2f8804d	other	each	Welly Flex Fabric Bandages, Zoo Animals Pattern Bravery Badges for Kids, Assorted Sizes, 48 Count	nonfood		
63f7ab7bd19c4334883220beb4dc7eb6	pantry	each	(2 pack) Cook with Color 4 Piece Snackle Box Pods with Lids, Taupe, Portable and Dishwasher Safe, Well Suited for Sauces, Snacks, and Small Lunch Items	nonfood		
fd01e3f3f9d54548acf41c15726804e4	pantry	g	alfalfa	fresh	5	
81f0defedc2e4ab585a6a9bd5caf35dd	pantry	g	angel hair pasta	staple		
b87a22e1bdd64fc385d16c084068ba16	pantry	g	Artichoke Parmesan Dip	softdairy	14	refrigerated dip
fed48bee66184990973e44ceee0693c0	pantry	g	Baby Dill Pickles	staple		
126c923e640c4b2ab0bc9bff0e53c25f	pantry	ml	Bachan's Sauce	condiment	60	
5d52aaa5f3664a38894cef7d71894086	pantry	g	baking powder	staple		
043caf30535348ccb90796aa0f2eccdf	pantry	ml	balsamic vinegar	staple		
9b88b4f73f28435fb7bfb29209fb10e7	pantry	g	bay leaf	staple		
01c81ebacc344b3c8e82fe47edf7a6dd	pantry	g	Bay leaves	staple		
26e3e27798054f75b1f4c6626e907db4	pantry	g	BBQ sauce	condiment	60	
c10464eb2fdf4531bf81b548e7bdbaf2	pantry	g	bean sprouts	fresh	5	
51aae14c1f7347cf9e2d1e66618c38e3	pantry	g	Black Beans	staple		
2b5123d05d4d483e9022227c1e405475	pantry	g	black olives	staple		
270a42224f244f0fb4d58d6e7e3e8373	pantry	g	Black pepper	staple		
1533e2665741452da45862c68726fb4e	pantry	g	Brownie Mix	staple		
c49ac7720f354813b11fadaeee4ee92b	pantry	g	Brown sugar	staple		
2d417987fbcc4f42822e322d07a8c6c9	pantry	g	Butterfinger Minis	staple		
f17c8a6256344df5b95ee9212d11cbf2	pantry	g	Cajun seasoning	staple		
f70b8267596141f08fffef0f4dfd3ff9	pantry	g	canned black beans	staple		
5bdcc8f781aa4cbc9d3bfc9539a50208	pantry	g	canned cannellini beans	staple		
1fad162140274751ae30f8c1f5730b23	pantry	g	Canned kidney beans	staple		
e1cd0c30e4d94cba9507fc5953240257	pantry	g	Canned navy beans	staple		
ff5d7be4abb04e50856be4126ee8d3a0	pantry	g	Canned pinto beans	staple		
70345f30abd64dc4a9eb50244d5290af	pantry	g	capers	staple		
93a7e58c79e34f85aecb4c2e4e91a4e4	pantry	ml	Caramel Syrup	staple		
86293134333a4825ab35b74d145061d1	pantry	g	caraway seeds	staple		
ed80d360fedb424aa3d39a11dc3c9044	pantry	g	Cashews	staple		
1c2dd87f4d7e40228ac3c8b6e7902e22	pantry	ml	cayenne hot sauce	condiment	60	
ac42c775cb5b4dea82e4d15e4838e815	pantry	g	cayenne pepper	staple		
e1172b49798c42f09fae13c27a64eed1	pantry	g	Charcuterie Tray	staple		FLAG: prepared tray, storage unknown
ba88bc9fdb2345eab367596bb04dd4a5	pantry	g	Cheddar Sun Chips	staple		
5c4f5f197ce943348ccbdf8cd866d18f	pantry	g	Cheerios	staple		
8fce77a65d2549d5add614d3bdc166be	pantry	g	Chex Mix	staple		
7f2ef89e11db4957bb870dee5265667d	pantry	g	Chili Cheese Corn Chips	staple		
146b91c120e645028ba561a4f22f7bd9	pantry	g	chili flakes	staple		
32bcc3488592406db06dd37c00e8f632	pantry	ml	chili oil	staple		
0c206498dd6b4e459c4dc9639d90782d	pantry	g	Chili powder	staple		
ecdd01b8a3ce43c1a26b94b4d067b0ec	pantry	g	Chow Mein Noodles	staple		
8532c85de9694506ab8ffe854f5e84c3	pantry	g	Clorox Hideaway Toilet Plunger with Caddy, White, 19.5in	nonfood		
50e746edb421492296fe6eea5c0acdb1	pantry	g	Cole Slaw	fresh	5	
89e306eca22b4c4d86def5bc7b9d55b7	pantry	g	Coleslaw mix	fresh	5	
e8a57b7a364b4c1c9a011a36ef10eecb	pantry	g	cooked white rice	fresh	5	FLAG: recipe intermediate as catalog row
52bcac72f8e94c20ab5a7e277a51ed95	pantry	g	cranberries	staple		FLAG: pantry category — assumed dried
bf8b2609a19148ff9f22e448cb432a4a	pantry	g	Cranberry sauce	staple		
cc47bceeaefc417d99ac428b458878df	pantry	g	Cream of Chicken Soup	staple		
99fa6cb5aaab4b2281198b81bf598e82	pantry	g	dark chocolate	staple		
5de93009d03c48ef991b9065326d1f5b	pantry	g	Diced Green Chiles	staple		
88126e2bc3434b32b54a20db1e8b188d	pantry	g	Dijon	condiment	60	
63dd5741080d4862923e6dfc55b5464f	pantry	g	Dijon mustard	condiment	60	
4e45daef5b8842cb8b7d0840c3f1b495	pantry	g	Disposable Straws	nonfood		
f0c7661a3e354daa96147409f277199b	pantry	g	Dried Cranberries	staple		
e01fb00b767d4d519c52e24ff2a094ce	pantry	g	dried flat rice noodles	staple		
518d1e71b3d244f0b6322a7a7e593ceb	pantry	g	dried lasagna sheets	staple		
538fd8b184d848b0a3bb0edde0f68f26	pantry	g	Dried Mango	staple		
4dddc115ac004a148f443df5f9489233	pantry	g	Dried oregano	staple		
60b5cf28e18d49d59450c75cf72d8dc9	pantry	g	dried pasta	staple		
7f102de6718b4531a38a4177c85d2dec	pantry	g	dried ramen noodles	staple		
a77db31be4974170a9bcc5600c338cd9	pantry	g	Dry Pinto Beans	staple		
8f85e26c685c4afbba6034d8b158ce71	pantry	g	elbow macaroni	staple		
7590764b36d444c6aba63b34c08e9b7f	pantry	g	English mustard powder	staple		
c0c5d77b58784ace8115ad71029d1102	pantry	g	fettuccine	staple		
81cb3e74d3014c72be4acf094d621205	pantry	g	Fig Jam	condiment	60	
29f325febbdc42a7bd3187fff2023b03	pantry	g	Flamin' Hot Cheetos	staple		
5c10f29511c54e018848432869f78395	pantry	g	Garlic Herb Seasoning	staple		
dacf1a9fd3514eff9bb152de75255804	pantry	g	Garlic Lime Seasoning	staple		
5107f840ab7b48abafcb652fd9c16d29	pantry	g	Ginger Paste	condiment	60	
66c11ad8c50d4c7b97bf037c67ecc669	pantry	g	grated nutmeg	staple		
f5150fbbcecc42d884c8a077ef698f55	pantry	g	Green beans	staple		FLAG: pantry category — assumed canned; fresh would be 5
d17a89a5a9f042118f2604dd5a98a810	pantry	g	ground cinnamon	staple		
b46ac647bb484077bc1d3f3ebd56d5f6	pantry	g	Ground cumin	staple		
0bcf941643d24559a8cadd014ade9853	pantry	g	Ground Flax Seed	staple		
cd4e7e3f3cbe4741aaa3a745cd1d45ed	pantry	g	guacamole	fresh	5	
6c47ee1432194cb09db411ba7429a494	pantry	g	hard taco shells	staple		
46595c57aa0d49ed9639e79ce68afbca	pantry	g	Honey	staple		
b2639d9396be4c06b8e7d82299b8fef5	pantry	each	Honey Nut Cheerios	staple		
39d2e79e8f0b473eb641dce259007865	pantry	g	hot dogs sliced	cured	90	
9f83b3305fd64563a654cf17a0b3eee0	pantry	ml	hot sauce	condiment	60	
147222184e1645fbb94ec489af1b7b89	pantry	g	instant yeast	staple		
348672bf1ba54c4f961c275c8031bb78	pantry	g	jasmine rice	staple		
665b4c7faf1b4fb1ad33b0b2db4c9e56	pantry	g	Ketchup	condiment	60	
d512497e792f48eca4db0bd51278f084	pantry	g	Kettle Chips	staple		
2f00c5b66946456ea7532275b39cceed	pantry	g	Little Debbie Snacks	staple		
a6bdbaa937b54c2684f71d8a3dd74db1	pantry	g	Lollipop Peppers	staple		FLAG: fresh mini peppers or pickled? left staple
c76d1bce368446618c1e6c4b4a6007af	pantry	g	long-grain rice	staple		
e5a8174984b741239157a61d792ec9ed	pantry	g	long-grain white rice	staple		
096afe6ea9f64d8089189469a13c0ea8	pantry	g	Macadamia Nuts	staple		
c721b1e4a48d45f7a1f783a6614f12a2	pantry	g	"Mainstays 3/4"" Oil Rubbed Bronze Adjustable Curtain Tension Rod, 30-52"""	nonfood		
6ac2c21d0e9744af86eecf209df8434a	pantry	g	Mainstays Self Closing Plastic Toilet Brush, White	nonfood		
9d1f346220ba45b99bdae4636d3a9c73	pantry	ml	Maple Syrup	staple		
13b004bfd5d6435b92b860db5db3a9ef	pantry	g	Marinara sauce	condiment	60	
f30d3161a5004cfab2fbe25b6c171eec	pantry	g	Mayonnaise	condiment	60	
be3cb45ec0534dd295e53945dcaab9cf	pantry	g	Melona Bars	frozen	90	
0a8891c151ec48569c068e8eacd91748	pantry	ml	mirin	staple		
4b2e72185ce64b5184c348c1ced22542	pantry	g	molasses	staple		
3988ae1337624ce28156159bfbed4a05	pantry	g	Mustard	condiment	60	
ea13f22afbd14988a7fff4eca8f84de6	pantry	g	nacho cheese tortilla chips	staple		
69a138dd55ee4cc8b4e2935b17f34ae5	pantry	ml	neutral oil	staple		
c56e3bc066f941fc8b07aa6467535260	pantry	g	Old Bay	staple		
c4cb153d3fee4bf5b28be9c35deaed6b	pantry	ml	Olive oil	staple		
bcc0c086b5d74c23a71920e6a50b460d	pantry	ml	olive oil for the crust	staple		
54cc4dea14e446d0b56ff88bafd506d8	pantry	g	Organic Pasta	staple		
f3ab741420f64707b92dc773566afa7b	pantry	g	oyster crackers	staple		
4fb85f3065ad4bcc84e4e12b4d33a1a6	pantry	g	paprika	staple		
978e817a494643789d83ccd6299bda32	pantry	g	pasta	staple		
16e1d38692494b01a0b1de827880e5b4	pantry	g	Peach Jam	condiment	60	
3d966b9b385d4d199ad426090d4ab1be	pantry	g	Peach Spread	condiment	60	
fa2074060367421e800a4792a53cc09b	pantry	g	Pesto Seasoning	staple		
d185eb1f145c41c4adb975e29f314e27	pantry	ml	Picante Sauce	condiment	60	
ff8655e59c454cbeb81b6c4a602c0106	pantry	g	pico de gallo	fresh	5	
bc378386eeae430f951fc9f4e8eadcc6	pantry	g	Pistachios	staple		
ec61f38bd0a64d87b1a0b19d3bb965c9	pantry	g	pizza sauce	condiment	60	
d7bca2b098224b98a4565ce04b84f5bb	pantry	g	Poppy seeds	staple		
61a1942c095a4401bf1c183e1148359c	pantry	g	Powdered sugar	staple		
e1610e3e6af543ab82387136bfa1fb61	pantry	g	Pretzel Crisps	staple		
c3dfb370c2d849809f436cde6ca08fb6	pantry	g	quinoa	staple		
6bd9de14e8f74964ab295110e27ddfa5	pantry	g	raisins	staple		
0de2a217a3b444a39dc23daaa5e2937f	pantry	g	Ramen Noodles	staple		
46c0c30f61ce43ba933f3f0da74fe05d	pantry	g	Ranch Dressing	condiment	60	
9ae387d2223a44f0b73a5c61e459022a	pantry	g	Raspberry jam	condiment	60	
f31fe1ca61fc417e9571ea04e5df7061	pantry	each	Reese's Puffs	staple		
e23975c99cc94adf9f73541de33dedb2	pantry	g	refried beans	staple		
4b3b3561e77b408184bee14006c08068	pantry	ml	reserved pasta water	staple		FLAG: recipe artifact — retire candidate
4801033f-e6bc-4be7-be8b-271c5e34bdaa	pantry	g	rice vinegar	staple		
40b1b07128fd4453adaa08d29280c7c0	pantry	g	Roasted Almonds	staple		
1c074644bdaf42708d11e1b4de32d12a	pantry	g	roasted peanuts	staple		
f5809ad84df84ab8af57d0a79404a8ae	pantry	g	Roasted Pistachios	staple		
34d31a2e49864f61871c904056c915ba	pantry	g	salsa	condiment	60	
64de35d9500349a3a82630e45232e94e	pantry	g	Salt	staple		
1fc0109ea2ce4efaa225daee3cbe8f37	pantry	g	Sauerkraut	staple		
72e44257888b4fe7aec17d3183bcfa08	pantry	ml	sesame oil	staple		
d37c04b1937a45e9b46f7cfbb3457633	pantry	g	sesame seeds	staple		
f2dba2ce017e48caa85ef65372510521	pantry	g	Shredded Mozzarella	hardcheese	30	
9b30d615da62471daca61ef8daa823c1	pantry	g	Shredded Wheat Cereal	staple		
0814a23b0d3c4ceab4b7dc0e831d1fdc	pantry	g	Smoked paprika	staple		
62d5250a1ff948228acf92c55adbe0ba	pantry	ml	soy sauce	staple		
32ded9dddf6a428cbc377e6be0f30db8	pantry	g	spaghetti	staple		
95a249d71141486499f8edd57559b41d	pantry	g	Special K Cereal	staple		
97f1a67525ba45998e5e0096cf3dd956	pantry	g	Spinach & Spring Mix	fresh	5	
27a3b6ba25f049e9ad791145df58cd15	pantry	ml	sriracha	condiment	60	
453ae98e0d184adc9b8f07832b84652c	pantry	g	Stir Fry Rice Noodles	staple		
753171838c9a4febbed484fbce241959	pantry	g	Stuffed Olives	staple		
e0217483ef1d4cf18ecaa24811d09eed	pantry	g	Sugar	staple		
6a609ccf377f4aacb4185fa7e070a2a6	pantry	ml	Taco Bell Fire Sauce	condiment	60	
4f64e534bc9143adb00a0134bf9ce32a	pantry	g	Taco seasoning	staple		
759629aa5e594f018c2380c449811c3e	pantry	g	Tater Tots	frozen	90	
23d8d200af284299b5c7c88a935bed22	pantry	g	Thousand Island dressing	condiment	60	
fd1360412991473f8e351dbb06a8d37b	pantry	g	toasted sesame seeds	staple		
a71b51bf11e54ce2816b8e2997f246f7	pantry	g	Toothpicks	nonfood		
8b4f2a7019ac495da8a828c676609f22	pantry	ml	vegetable broth	staple		
28024c77d7254b5ba0aa50a10bc146f1	pantry	ml	Vegetable oil	staple		
3b0a2fdd83ba497a869ba659f333995f	pantry	g	vermicelli	staple		
9500b7a40df44ed58935c79820d9556f	pantry	g	walnuts	staple		
de57600422584bed86809bf17ba15337	pantry	g	Whipped Topping	frozen	90	
00143b0d62d4430abb55719d5fee89df	pantry	g	White rice	staple		
5af66746fcfc46fd9e5975454e4dbb38	pantry	ml	white vinegar	staple		
dfccdd2568bf49c08a8ea6e4a2dea89e	pantry	ml	white wine vinegar	staple		
c9c22bc7238743c78f22eab402ca252e	pantry	g	Whole-grain mustard	condiment	60	
a5b5a43d346546ee872129f8e49c8fa4	pantry	g	wonton wrappers	softdairy	14	refrigerated wrappers
d6454988771f4ba28c64bb115280b36c	pantry	ml	Worcestershire sauce	staple		
e38124be250145808cd4a95544dfd1c8	pantry	g	yellow curry paste	condiment	60	
af5d1e6c1d204af98b2a2bf0e857fe8a	pantry	g	Yellow mustard	condiment	60	
5371bf88e1854fd7a14e6481b010175b	personal_care	g	Beautiful By Drew Barrymore Lotion Pump for Soap & Lotion - Off White	nonfood		
d6e7005989b6499d8b25259ea141f512	personal_care	ml	Equate Beauty Cocoa Divine Conditioning Skin Lotion, 20.3 fl oz	nonfood		
ab5cb44efb0c457dbf1e3c7322c093c4	personal_care	ml	Equate Maximum Strength Liquid Wart Remover, 0.31 fl oz	nonfood		
991f738bb6c147a29a3a0ddf186b4390	personal_care	each	Equate Stainless Steel Curved Fingernail Clipper with File and Chain, 1 Count	nonfood		
443e8db397b14c42a1a5c2828f985c76	personal_care	each	Gimme Beauty Claw Clip Medium Oval Lay-Flat Black/Tortoise 2 Count	nonfood		
8bb620a961bc4d808cf8704eccf9d0a6	personal_care	g	Mainstays Plastic Lotion Pump, Brown	nonfood		
1cf6a94508344e4d8e6c6e438c23e8ce	personal_care	each	Sedal New formula Combing Curls Obedient Curls 300ml (2 Pack)	nonfood		
091b6e046ef54ba6b7ae78098d5f7c9b	personal_care	each	Trojan Raw Thinnest Lubricated Condoms, Made from Premium Latex, 24 Count	nonfood		
feba79d1d15948cb84771f7c44b30caa	produce	each	"(2 pack) Slime Extra Strong Self-Sealing Bicycle Tube Schrader Valve 16"" x 1.75-2.125"""	nonfood		
7c0d59136a934f5cb8df7baa6ffc83a1	produce	g	apple	hardy	21	
0ebef946e9f44579a8be6f6a794a818c	produce	ml	Apple cider vinegar	staple		
6f3dfe6fc8b44bc0bd0587158f7f50e0	produce	each	Applesauce	staple		
c6773865f61144289612d469cfa83868	produce	g	arugula	fresh	5	
467221701816490a82ceec48c5630975	produce	g	Asparagus	fresh	5	
69c9cf66c1df4e65a440b57b876eadfd	produce	g	asparagus cut bite-sized	fresh	5	
7b9d7ef4897542369192b232465353c4	produce	g	avocado	fresh	5	
fef8578b7b9b466ba439ae4b3a0172f7	produce	g	Baby Butter Lettuce	fresh	5	
bc1c92c5a2b94ea1829d1fac7be13cf1	produce	g	Baby Green Leaf Lettuce	fresh	5	
f232be9f286a486b95959fcf8585315e	produce	g	Baby potatoes	hardy	21	
9492cd80fb214e7bb2672e69b251e2ce	produce	g	Baby spinach	fresh	5	
e90834bdf1184e89aeec1c90a09e2bd1	produce	each	Bananas	fresh	5	
c6385755ac7f440091c105a120da71f4	produce	g	basil pesto	condiment	60	FLAG: jar assumed; refrigerated pesto shorter
e21068b5d7254ddcb142a1d2410e8547	produce	g	bell peppers	fresh	5	
eb9ded48534548a7b7bbb99df93d4203	produce	g	Blueberries	fresh	5	
bf8aaf1f2c8b4e97b2e41e30e898c94a	produce	g	Broccoli florets	fresh	5	
9b19c5860d0f45aaaf05d48c0fe11e6d	produce	g	button mushrooms	fresh	5	
9642f97440b042599e0768c2bcf72bc2	produce	g	cabbage	hardy	21	
eb7f8bb4fbc945968b4de7eb0245df43	produce	g	Canned crushed tomatoes	staple		
f8e2111ced6847e393540ee826349cec	produce	g	canned diced green chiles	staple		
cda448bcd036437d949b0266890d7f72	produce	g	Canned diced tomatoes	staple		
3069ffcc723f45f09dfd2347bc75582a	produce	g	canned whole peeled tomatoes	staple		
0ec81c49cddb4436b04241b7a81ebc79	produce	g	carrot	hardy	21	
04bd35b8f6344d72b68ea16ce5f21b98	produce	g	cauliflower florets	fresh	5	
e0586521d9e347bfae57157969fa49a0	produce	g	Celery	fresh	5	
2a6d69dead22439ba29078fcb17ca615	produce	g	celery seed	staple		
a72753e18f8d47c0b66f58b6b23c8b0d	produce	g	celery stalks	fresh	5	
98edd88f1b254cf697e028a9d12e39de	produce	g	celery sticks	fresh	5	
10003ca91f7f4fe8832c6b4e4ea415dc	produce	g	cherry tomatoes	fresh	5	
8d704203a5684e1487cb8514efda135e	produce	g	chestnut mushrooms	fresh	5	
567757a07f084968a8286393c4454374	produce	g	Cilantro	fresh	5	
d66984788de040be8bfb5928759de44a	produce	g	Corn chips	staple		
db952f5beacd4079a8b9959a0d7214af	produce	g	cornflakes	staple		
f459b8b5665841c7810357b5b38a6fcf	produce	g	corn kernels	staple		FLAG: canned or frozen? left staple
2c46ffd8e1b44ad29f0da567163efc85	produce	g	cornmeal	staple		
e8122cbcef1b431782c2ca1634cf7e05	produce	g	cornstarch	staple		
d0ebf37063624537a478b88deda1ea64	produce	each	corn tortillas	tortilla	14	
304894e2a8ee4330bb61b9670b82fc58	produce	each	Cosmic Crisp Apples	hardy	21	
63afb4a2ed7a4cd88af20e2c583cd012	produce	g	cremini mushrooms	fresh	5	
356d7723c3ec4e09a0c6fe8070e07ff0	produce	g	cucumber	fresh	5	
b580f33bd85c4c4ea72da26a9c10224e	produce	g	dill pickle relish	staple		
103613c56f044c959e10f5b595391bb7	produce	g	dill pickles	staple		
2e91303f90e64152a8604eb0145e3baa	produce	g	Dill pickle slices	staple		
4879e1e0050741afb1e542f1e5d63bef	produce	g	dried basil	staple		
f54d2ab94dc24fb4be258f52436d6da4	produce	g	Dried Italian herbs	staple		
d95b36cfb842452e94cb0fa4e97aace2	produce	g	Dried minced onion	staple		
b18b709047f14890ad0a7fce88f898a8	produce	g	dried rosemary	staple		
68e40ceb587d4052a1475604bcd01e09	produce	g	dried sage	staple		
e42abfb13f6d42c2a21d5958ce7386b5	produce	g	Dried thyme	staple		
0d983a08613a4e82b3ac24afcd5c9ab4	produce	g	ears sweet corn	fresh	5	
facf5af41a4344df9aadf121d60c3538	produce	ml	extra lime juice	staple		FLAG: recipe artifact — retire candidate
4ab4c647a0a4485d959cd74fc95d0179	produce	g	fine cornmeal	staple		
df83a8f131e8489eae4143ac903b7db1	produce	g	fresh basil	fresh	5	
8d686563679f4f63853f2cad8bce41ee	produce	g	fresh chives	fresh	5	
6a2e2163154044fe99cc2322618c59e9	produce	g	fresh cilantro	fresh	5	
b27195c60368462a9886163fe5667c60	produce	g	fresh dill	fresh	5	
046b789168954f419d07ecf0d46743ad	produce	g	fresh ginger	hardy	21	
d10c684a7dfe4a66b792fdcfdbd0605d	produce	g	fresh parsley	fresh	5	
7858c613dd314a839825df32d5b4213c	produce	g	Fresh rosemary	fresh	5	
24609aa412ae429a840a246ee9b2b5aa	produce	g	fresh spinach	fresh	5	
0400dbf930e3492da886380770dc8b4f	produce	g	fresh thyme leaves	fresh	5	
81192b68d5a244e99b8a60822f64f42e	produce	g	Fresh thyme sprigs	fresh	5	
770b9a4610844f6ab5fc9efd1b071168	produce	g	Frozen Shredded Potatoes	frozen	90	
60c687bfe7724f659d48a85edb60d0e9	produce	each	Gala Apples	hardy	21	
3165f3374aee4854b3405c21d50ca0bf	produce	g	Garlic	hardy	21	
e91a067bf2664426b6ca72b16d004296	produce	g	Garlic cloves	hardy	21	
908e67c32ef1452b9b189ec96c199643	produce	g	Garlic powder	staple		
e98f1ce0a9df4211b623828014c2df94	produce	g	Grape Tomatoes	fresh	5	
f2f57d9d0b494ff6bdefcd7131b6447c	produce	g	Green bell pepper	fresh	5	
b9f46b6035cf4b4f821917e45f1decb6	produce	g	green cabbage	hardy	21	
f1e26bd77b814955bec685f44426cbc9	produce	each	Green Grapes	fresh	5	
f95322e27e794fe8a8b9e2aa92055a47	produce	g	green leaf lettuce	fresh	5	
1f06ab4ad8024c36b17456c745e2dca0	produce	g	Green onions	fresh	5	
918f17a4778541c790d5905ce7a2d1d7	produce	each	Honeycrisp Apples	hardy	21	
13392753a4414feea8ae45cebd1fd346	produce	g	iceberg lettuce	fresh	5	
be143cdd128743679fc92323149919d3	produce	g	Kacey Lee Women's and Women's Plus Lettuce Edge Bikini Bottoms, Sizes XS-3X	nonfood		
f34f05028f9f496aa872cf396d66e5b8	produce	g	lemon	hardy	21	
d65b16ccaac14e3d886ee85f3a70242c	produce	ml	lemon juice	staple		bottled assumed
e1383edd5b8c4ab8969cf81aafee8ba1	produce	g	Lettuce leaves	fresh	5	
8ab81388d7bf440681c439e6ea9d6856	produce	g	Lettuce Wraps	fresh	5	
b4f864c36b0b400eb809f4196c093251	produce	g	lime	hardy	21	
6a079facaba84117b8b1fe154753ed1a	produce	ml	lime juice	staple		bottled assumed
1f6207308fd8413d984f60b39d2aa60d	produce	each	Mandarins	hardy	21	
0e71da34b3b2435c903dfb3dfe09e68d	produce	g	Mini Cucumbers	fresh	5	
7e31c3a8d74b48799e24e84bd5073316	produce	g	napa cabbage	hardy	21	
2405d287f18b481d93861ad6118f21cb	produce	ml	oil from the sun-dried tomato jar	staple		FLAG: recipe artifact — retire candidate
b5f0517c4ad94e0cacec0a2e68d54382	produce	g	Onion	hardy	21	
7abe1abda8ab45858ede15c7e1755aff	produce	g	Onion powder	staple		
6f0c9d77e13440e3a4c5d99cccc7de9b	produce	each	Opal Apples	hardy	21	
8049e5e78df94b8ca61c927c9204d4b8	produce	each	Oranges	hardy	21	
90a48d17ea9a49c99d6687ca2930e0f3	produce	g	parsnips	hardy	21	
ff7b28f3103346609d7c8307e916e42a	produce	g	pickled jalapenos	staple		
df08dae4a3b04947a057ee07d68a344a	produce	g	pickled jalapeno slices	staple		
f4b78dd91aa041909253d897ecd5142d	produce	g	pineapple chunks	fresh	5	FLAG: fresh-cut assumed; canned would be staple
5347eb4a26b44c0a877baabf4096dcf9	produce	g	potatoes	hardy	21	
42f2272c62094a65bfc0447da5300792	produce	g	red bell pepper	fresh	5	
84777b459e474a14a58a308ee09f8292	produce	g	Red Cabbage	hardy	21	
b0ed8720e65547dea19f43afe6b7750d	produce	each	Red Grapes	fresh	5	
2fb32d8108914b79812583057a76848f	produce	g	Red onion	hardy	21	
59b1d74bad7b4d3fa540e7e3a04bd83d	produce	g	red seedless grapes	fresh	5	
6bb2a9517f3e4e929cc21f30bba09a84	produce	g	Ripe tomatoes	fresh	5	
23807826a8074063b7e821d2b449c45c	produce	g	romaine lettuce	fresh	5	
ef7e8c66aac3441d92cd7529b45a1682	produce	g	Russet potatoes	hardy	21	
2149bfb1fdad4753ae71351efcd53ed8	produce	g	seedless red grapes	fresh	5	
667c21fd77454328ba78ea9256ca9f20	produce	g	Shallot	hardy	21	
a1fa0bf9bd324770a06f87aa8b1192e8	produce	g	shredded iceberg lettuce	fresh	5	
fef7ad269d7043f29294a6b40b44bcd3	produce	g	shredded lettuce	fresh	5	
da209c21336844bf9e8d6a90d56f87ad	produce	g	single-serve bags corn chips	staple		
0552dd6da2994eb98ab1dbe7200bff9c	produce	g	snap peas	fresh	5	
02b95d0637c64e06b3bc97988aa588d9	produce	g	Snow Peas	fresh	5	
096fb07309724bc3bcca0aeeadceea44	produce	g	Spinach Ravioli	softdairy	14	refrigerated fresh pasta
9a990f897128480599fc68636014cb6e	produce	g	Strawberries	fresh	5	
655d8b6909b94ee3a91bdcf25aff781b	produce	g	sun-dried tomatoes in oil	staple		
1884c27c335f4a42b22718d8d334c19e	produce	g	sweet potatoes	hardy	21	
59c9a2d3f56e4e7d807d4024a682dc96	produce	g	Tomato	fresh	5	
d5a184dba45e4075b2c7bb5aef5bd4eb	produce	g	tomatoes	fresh	5	
efce2d49133644b28e56be2ed0614002	produce	g	tomato passata	staple		
8954ffd1040b45a881df4467857dd500	produce	g	Tomato paste	staple		
1beeceaf870841f2b5e1c1df81febd18	produce	ml	Tomato Sauce	staple		
a3d590778eb2444992690374768990b2	produce	g	waxy potatoes	hardy	21	
5004e20ac8464aefa3747df7f15c71d4	produce	g	white onion	hardy	21	
370a6a98ad7a4cf7a7935b8fb974c45f	produce	g	Wild Blueberries	fresh	5	
a6504b9aa72b4efd8ebc68454c429e30	produce	g	yellow onion	hardy	21	
961277f90e5945fe9073eb08ba52f4d2	produce	g	Yellow potatoes	hardy	21	
c4eb0b6b4c474bd1827e975322822f3b	produce	g	zucchini	fresh	5	
d8c00176f01d4dedade382dc7174530e	seafood	g	canned chopped clams	staple		
b672dc785e6749f38ae7253131abf20e	seafood	g	canned salmon	staple		
8fc3bef10d36488083cdde901b6e448f	seafood	g	canned tuna	staple		
e769ad5c2f6b4d75a87a6064f4408951	seafood	g	Chunk Light Tuna	staple		canned
9f36dc0490594b9d9161eecc6524b526	seafood	ml	clam juice	staple		
cb78560c351b44a38df964ec73088507	seafood	g	cold-smoked salmon	cured	90	FLAG: cured bucket per family freezer habit; fridge reality shorter
481b0b0f11d14321aff35e423d41f494	seafood	g	firm white fish fillets	rawmeat	4	
f3085db9860b41df86e55af2f8896973	seafood	ml	fish sauce	staple		
9033ca5d1a6241e7b8ca29d2a964818b	seafood	g	Frozen Salmon Fillets	frozen	90	
972dba4a557e42d6a3c07cf45e25810c	seafood	g	raw shrimp	rawmeat	4	
fb558a1842ed4a27b7817c0a86ba6402	seafood	g	salmon fillets	rawmeat	4	
e0a9790949df44059a2380a1ac3ce117	seafood	g	Sardines	staple		canned
64cf83eece334643ad73c3eea6ddc5b0	seafood	g	shrimp	rawmeat	4	
f16491c2af08407092b2c3bc0a718091	seafood	each	Shrimp 31/40	rawmeat	4	FLAG: possibly frozen bag (would be 90)
496d1e9269124a8eb23e21544aafe983	seafood	g	Zebco Omniflex Monofilament Fishing Line, 10-Pound Tested, Clear	nonfood		
370a17b3c3254cda9e3571ee8f7c50ab	toys	g	Crayola Air Dry Clay Bucket, 5Lbs, White, No Bake Clay for Kids, Back to School Supplies, Teacher Essentials, Arts and Craft Supplies, Gifts for Teachers and Kids, Ages 6+	nonfood		
9ec1ea0beac548b499836bb3b34de668	toys	each	Hello Hobby Fuzzy Sticks, 100 Count, Rainbow Multicolor Chenille Stems for Kids Crafts and DIY Projects	nonfood		
e31880713aeb4ef5a333baa682f58118	toys	g	MinnARK 8.5-Inch Playground Ball for Kids – Rubber Kickball for Outdoor Games, School, Recess & Backyard Sports, Ages 3+	nonfood		
c6a910e0a40c4fc4833d3ff3e4b47d7a	toys	each	Squish-a-longs Pokémon Mini-Squish 4-Pack	nonfood		
